banner_pos,site_category,app_category,device_type,device_conn_type,C1,C14,C15,C16,C17,C18,C19,C20,C21,day,hour_of_day,conversation_turn,session_msg_count,turn_ratio,log_num_interactions,character_age_days,safety_tier_enc,is_official,predicted_ctr,final_score,rank
1,3,2,1,2,1000,1007,50,50,20,0,35,100013,320,30,9,1,5,0.2,5.2,180,0,1,0.09920245617528645,0.09920245617528645,1
0,3,2,1,2,1000,1005,50,50,10,0,35,100013,320,30,9,1,5,0.2,5.2,180,0,1,0.09799887269771532,0.09799887269771532,2
0,3,2,1,2,1000,1006,50,50,15,0,35,100013,320,30,9,1,5,0.2,5.2,180,0,1,0.09799887269771532,0.09799887269771532,3
0,3,2,1,2,1000,1009,50,50,30,0,35,100013,320,30,9,1,5,0.2,5.2,180,0,1,0.09799887269771532,0.09799887269771532,4
1,3,2,1,2,1000,2003,50,50,60,1,35,100013,320,30,22,8,10,0.8,6.1,30,2,1,0.1480529683112406,0.1480529683112406,1
0,3,2,1,2,1000,2002,50,50,55,0,35,100013,320,30,22,8,10,0.8,6.1,30,1,0,0.10328192476732095,0.10328192476732095,2
0,3,2,1,2,1000,2001,50,50,50,0,35,100013,320,30,22,8,10,0.8,6.1,30,2,0,0.0886089627085464,0.0886089627085464,3
0,3,2,1,2,1000,2004,50,50,50,0,35,100013,320,30,22,8,10,0.8,6.1,30,0,1,0.0751186302200981,0.0751186302200981,4
